100,https://www.bbc.co.uk/programmes/m001744m,Error
102,https://www.bbc.co.uk/sounds/curation/p0bw83p3?partner=uk.co.bbc&origin=share-mobile,Error
106,https://www.bbc.co.uk/programmes/m0018p32,Error
110,https://simplelionheartlife.com/how-to-slow-down/,Error
116,https://refinedbyage.com/2019/12/17/7-affirmations-for-positive-aging/,Error
122,https://www.bupa.co.uk/business/news-and-information/why-holidays-are-good-for-employees-health,Error
1149,https://www.bupa.co.uk/newsroom/ourviews/healthy-eyes,Error
141,https://www.psychreg.org/staying-fit-and-healthy-at-home/,Error
141,https://www.livestrong.com/article/97879-stay-fit-/,Error
155,https://www.builtlean.com/mobility-routine/,Error
159,https://www.zumba.com/en-US/benefits-of-zumba,Error
160,https://www.zumba.com/en-US/,Error
184,https://www.doyogawithme.com/,Error
186,https://www.sharpmuscle.com/fitness/resistance-training-strength-training/,Error
198,https://www.nutritionist-resource.org.uk/,Error
200,https://www.moneyhelper.org.uk/en/everyday-money/budgeting/managing-your-money-using-the-jam-jar-approach,Error
202,https://www.moneyhelper.org.uk/en/everyday-money/budgeting/beginners-guide-to-managing-your-money,Error
203,https://www.moneyhelper.org.uk/en/everyday-money/budgeting/budget-planner,Error
204,https://work-well.org.uk/advice-blog/how-can-i-increase-my-income-eight-ways-to-boost-your-earnings/,Error
210,https://www.moneyhelper.org.uk/en/savings/types-of-savings/isas-and-other-tax-efficient-ways-to-save-or-invest,Error
212,https://www.moneyhelper.org.uk/en/savings/how-to-save/getting-into-the-savings-habit,Error
221,https://www.moneynuggets.co.uk/,Error
222,https://www.moneynuggets.co.uk/category/money-management/,Error
223,https://www.moneyhelper.org.uk/en/everyday-money/budgeting/how-to-save-money-on-household-bills,Error
225,https://www.moneyhelper.org.uk/en/pensions-and-retirement/pensions-basics,Error
225,https://www.moneyhelper.org.uk/en/pensions-and-retirement/building-your-retirement-pot/how-to-increase-your-pension-savings,Error
226,https://www.moneyhelper.org.uk/en/pensions-and-retirement/pensions-basics/pension-calculator,Error
227,https://www.moneyhelper.org.uk/en/pensions-and-retirement/building-your-retirement-pot/contribution-matching,Error
228,https://www.moneyhelper.org.uk/en/savings/investing,Error
236,https://www.moneyhelper.org.uk/en/money-troubles/coronavirus/use-our-money-navigator-tool,Error
238,https://www.moneyhelper.org.uk/en/everyday-money/insurance/what-is-life-insurance,Error
248,https://www.moneyhelper.org.uk/en/family-and-care/illness-and-disability/how-to-sort-out-your-money-if-you-become-ill-or-disabled,Error
250,https://www.moneyhelper.org.uk/en/everyday-money/insurance/do-you-need-private-medical-insurance,Error
250,https://www.activequote.com/health-insurance/,Error
252,https://solicitors.lawsociety.org.uk/search/results?UmbrellaLegalIssue=LIUPCW&Pro=False,Error
264,https://www.bbcmaestro.com/courses/richard-bertinet/bread-making,Error
272,https://www.goodthingsfoundation.org/databank/,Error
280,https://www.udacity.com/,Error
288,https://www.museumnext.com/article/why-we-need-museums-now-more-than-ever/,Error
306,https://www.cactuslanguage.com/adults/courses/50-plus/,Error
314,https://www.bbc.co.uk/sounds/podcasts,Error
336,https://brooksandkirk.co.uk/tips-to-be-a-better-adult-teacher/,Error
340,https://www.bbc.co.uk/teach/skillswise,Error
340,https://www.awin1.com/cread.php?awinmid=3017&awinaffid=1198638&ued=https%3A%2F%2Fwww.whsmith.co.uk%2F,Error
344,https://www.bbc.co.uk/food/collections/family_feasts,Error
352,https://soundwaveart.com/how-to-support-your-local-arts-community/,Error
354,https://www.communityaccessnetwork.org/ways-to-check-in-on-your-neighbors/,Error
356,https://bemoreus.org.uk/five-ways-to-check-in-with-the-people-around-you/,Error
360,https://thegenealogyguide.com/20-reasons-why-is-genealogy-important,Error
366,https://www.bbc.co.uk/food/collections/family_friendly_dinner,Error
380,https://dramagroups.com/DGlocategroup.htm,Error
386,https://www.bbc.co.uk/sport/get-inspired/45353880,Error
3008,https://www.awin1.com/cread.php?awinmid=35431&awinaffid=1198638&ued=https%3A%2F%2Fwww.pharmacyonline.co.uk%2F,Error
422,https://www.psycom.net/quiz/do-you-need-therapy,Error
430,https://www.marcus.co.uk/uk/en/news-and-insight/personal-finance/myers-briggs,Error
449,https://phildrinkwater.coach/mentor-or-coach-a-quiz-to-help-you-decide/,Error
468,https://uquiz.com/quiz/JMBd8Y/what-type-of-volunteer-are-you,Error
477,https://www.onlinecoursehow.com/tips/host-course-online/,Error
489,https://www.letsdothis.com/gb/triathlon-events/ironman,Error
493,https://padfieldpartnership.com/why-and-how-to-improve-your-coaching-skills/,Error
512,https://www.moneyhelper.org.uk/en/pensions-and-retirement/tax-and-pensions/a-guide-to-tax-in-retirement,Error
513,https://www.moneyhelper.org.uk/en/savings/types-of-savings/tax-on-savings-and-investments,Error
523,https://volunteer.trusselltrust.org/opportunities#display=grid&s=date_advertised&o=desc,Error
525,https://www.bluecross.org.uk/volunteer-pets,Error
1131,https://www.atomicderm.com/skin-care-why-its-important-to-take-care-of-your-skin/,Error
1131,https://skinhow.org/skincare/why-is-skin-care-so-important/,Error
535,https://www.moneyhelper.org.uk/en/pensions-and-retirement/pension-wise/,Error
1026,https://freevideolectures.com/,Error
1028,https://www.mystery-shoppers.co.uk/its-not-just-shopping/mystery-diners/,Error
1032,https://www.saga.co.uk/magazine/money/personal-finance/making-money/earn-money-renting-your-home-to-film-and-tv-companies,Error
1044,https://wp-modula.com/best-places-to-sell-photos-online-and-make-money/,Error
1048,https://www.etsy.com/seller-handbook?ref=so_seller_handbook,Error
1133,https://www.awin1.com/cread.php?awinmid=15733&awinaffid=1198638&ued=https%3A%2F%2Fwww.kiehls.com%2Fskincare-advice%2Fskincare-for-men.html,Error
1134,https://www.awin1.com/cread.php?awinmid=15733&awinaffid=1198638&ued=https%3A%2F%2Fwww.kiehls.co.uk%2Fmens,Error
1147,https://global.essilor.com/ie/blog/your-life-and-eyes/why-it-s-important-to-look-after-your-eyes,Error
1155,https://www.healthcanal.com/health/how-to-improve-hearing,Error
1086,https://www.gassaferegister.co.uk/gas-safety/home-gas-safety/check-your-gas-appliances/,Error
1091,https://mentalhealthcourses.org.uk/,Error
1091,https://blog.redcrossfirstaidtraining.co.uk/7-advantages-of-mental-health-training-that-will-help-deliver-value,Error
1101,https://www.moneyhelper.org.uk/en/getting-help-and-advice/financial-advisers/do-you-need-a-financial-adviser,Error
1107,https://www.local.gov.uk/our-support/councillor-and-officer-development/councillor-hub/role-councillor,Error
1107,https://www.local.gov.uk/be-councillor/becoming-councillor-0,Error
1109,https://www.counselling-directory.org.uk/memberarticles/the-importance-of-communication-in-relationships,Error
1115,https://meanshappy.com/the-importance-of-intimacy-building-stronger-relationships/,Error
1117,https://grillex.com.au/insights/how-bbqs-bring-people-together-the-importance-of-bbqs-in-public-spaces/,Error
1135,https://www.mayoclinichealthsystem.org/hometown-health/speaking-of-health/why-take-vitamin-and-mineral-supplements,Error
1141,https://www.bbc.co.uk/programmes/m000v3g2,Error
1157,https://apply.magistrates.judiciary.uk/search/,Error
1163,https://growingfamily.co.uk/gardening-with-children/gardening-for-kids-10-brilliant-garden-projects-to-do-with-children/,Error
1169,https://www.focusonthefamily.com/parenting/50-games-and-activities-to-do-with-your-kids/,Error
1183,https://www.heart.org/en/healthy-living/healthy-eating/eat-smart/nutrition-basics/the-ten-ways-to-improve-your-heart-health,Error
1187,https://hellograds.com/news/clothing-poverty-awareness/,Error
1187,https://prettysimplemom.com/declutter-your-closet/,Error
1191,https://www.thestitchsisters.co.uk/blog/why-you-should-learn-to-sew/,Error
1191,https://www.mattgagedesign.com/sewinggroups,Error
1192,https://www.thestitchsisters.co.uk/all-classes/,Error
1193,https://www.awin1.com/cread.php?awinmid=44125&awinaffid=1198638&ued=https%3A%2F%2Fusmen.co.uk%2F,Error
2006,https://www.mcsuk.org/what-you-can-do/join-a-beach-clean/great-british-beach-clean/,Error
2006,https://www.mcsuk.org/what-you-can-do/join-a-beach-clean/great-british-beach-clean/all-about-the-great-british-beach-clean/,Error
2007,https://www.mcsuk.org/what-you-can-do/join-a-beach-clean/,Error
2008,https://www.moneyhelper.org.uk/en/everyday-money/credit-and-purchases/how-to-check-your-credit-report,Error
2010,https://www.awin1.com/cread.php?awinmid=26895&awinaffid=1198638&ued=https%3A%2F%2Fwww.decathlon.co.uk%2F,Error
2012,https://centerforsurfresearch.org/beginner-surfboard/health-benefits/,Error
2038,https://www.beautybites.org/7-day-clean-eating-challenge/,Error
2042,https://positivepsychology.com/gratitude-appreciation/,Error
2042,https://positivepsychology.com/gratitude-exercises/,Error
2046,https://www.awin1.com/cread.php?awinmid=5791&awinaffid=1198638&ued=https%3A%2F%2Fwww.themontcalm.com%2Fwellbeing%2F,Error
2064,https://getscribepay.co.uk/,Error
2064,https://www.moneydashboard.com/blog/managing-subscriptions-what-you-need-to-know,Error
2066,https://www.businessblogshub.com/2017/12/researching-that-product-before-you-buy/,Error
2070,https://www.developgoodhabits.com/impulse-buying/,Error
2080,https://positivepsychology.com/random-acts-kindness/,Error
2092,https://www.psychnewsdaily.com/how-to-do-transcendental-meditation/,Error
2100,https://corepilatesstudios.co.uk/why-become-a-pilates-instructor/,Error
2112,https://volunteer.parkrun.com/principles/volunteer-roles,Error
2112,https://running101.co.uk/5-reasons-why-you-should-volunteer-atleast-once-at-parkrun/,Error
2120,https://www.magicleague.co.uk/league-management-advice-guidance/how-to-start-a-sports-league/,Error
2126,https://positivepsychology.com/benefits-of-mindfulness/,Error
2132,https://www.walkingbritain.co.uk/find-walks-by-me.php,Error
2134,https://www.letsdothis.com/blog/article/benefits-of-running-10k,Error
2136,https://www.bupa.co.uk/health-information/exercise-fitness/running-programme-10miles,Error
2150,https://www.moneyhelper.org.uk/en/work/employment/national-minimum-wage,Error
2170,https://www.verywellfamily.com/how-to-take-a-nature-walk-with-kids-5197057,Error
2174,https://growingfamily.co.uk/craft/14-ways-crafting-benefits-mental-health/,Error
2176,https://www.verywellfamily.com/finding-quality-family-time-616982,Error
2189,https://www.moneyhelper.org.uk/en/homes/buying-a-home/government-schemes-for-first-time-home-buyers-and-existing-homeowners,Error
2203,https://www.moneyhelper.org.uk/en/everyday-money/types-of-credit/paying-off-your-credit-card,Error
2206,https://www.moneyhelper.org.uk/en/pensions-and-retirement/state-pension,Error
2209,https://www.moneyhelper.org.uk/en/pensions-and-retirement/auto-enrolment,Error
2210,https://www.thevaleliving.co.uk/why-joining-a-hobby-club-is-good-for-your-wellbeing/,Error
2224,https://discover.hubpages.com/games-hobbies/10-Unusual-Hobbies-from-Around-the-World,Error
183,https://www.bupa.co.uk/health/health-assessments/compare-health-assessments,Error
183,https://www.circlehealthgroup.co.uk/specialities/health-assessments,Error
3019,https://www.globalteer.org/cultural-exchange-experience/,Error
3020,https://angloville.com/,Error
3022,https://www.hollows.org/au/blog/why-you-should-do-a-charity-challenge,Error
3024,https://www.painandtherapy.com/blog/why-exercise-is-so-important-in-managing-joint-pain,Error
487,https://www.chopra.com/articles/11-ways-to-become-the-best-version-of-yourself,Error
3046,https://www.theknot.com/content/date-ideas,Error
4001,https://www.cambridge.org/elt/blog/2020/12/18/8-things-weve-learned-this-year-7-learn-family/,Error
4005,https://exercise.co.uk/learn/the-benefits-of-wild-swimming/,Error
4005,https://blog.wildopenwater.com/2023/03/18/the-rise-of-uk-wild-swimming-in-2023/,Error
4015,https://www.awin1.com/cread.php?awinmid=3017&awinaffid=1198638&ued=https%3A%2F%2Fwww.whsmith.co.uk%2Fbooks%2Ffood-drink-and-cookery-books%2Fbks00250%2F,Error
4019,https://counselorforcouples.com/the-benefits-of-an-intensive-couples-retreat/,Error
4026,https://tenpinbowler.com/hidden-benefits-of-ten-pin-bowling/,Error
4028,https://www.tlh.co.uk/blog/10-surprising-facts-about-10-pin-bowling/,Error
4052,https://pilateslive.co.uk/,Error
4054,https://www.moneyhelper.org.uk/en,Error
4058,https://www.verywellfamily.com/7-strategies-for-overcoming-empty-nest-syndrome-5180842,Error
4074,https://symondsresearch.com/benefits-of-adult-learning/,Error
4074,https://www.goodthingsfoundation.org/insights/adult-learning-matters/,Error
4076,https://www.ebumemberdevelop.org.uk/index.php/2019/12/20/ten-reasons-to-play-bridge-presenting-the-game-we-love-to-the-community/,Error
4094,https://www.cyclescheme.co.uk/,Error
4099,https://www.esports.net/news/wow/how-to-find-a-guild-world-of-warcraft/,Error
4099,https://guildsofwow.com/,Error
100,https://www.halixia.com/ma/take-a-nap-100,Error
102,https://www.halixia.com/ma/sleep-tips-102,Error
104,https://www.halixia.com/ma/sleep-trackers-guide-104,Error
106,https://www.halixia.com/ma/take-a-break-106,Error
108,https://www.halixia.com/ma/try-meditation-108,Error
110,https://www.halixia.com/ma/self-care-110,Error
112,https://www.halixia.com/ma/self-care-112,Error
114,https://www.halixia.com/ma/healthy-ageing-habits-114,Error
116,https://www.halixia.com/ma/self-affirmations-116,Error
118,https://www.halixia.com/ma/learn-about-memory-118,Error
120,https://www.halixia.com/ma/book-a-trip-away-120,Error
122,https://www.halixia.com/ma/book-a-trip-away-122,Error
124,https://www.halixia.com/ma/how-to-be-mind-kind-124,Error
126,https://www.halixia.com/ma/fire-safety-126,Error
486,https://www.halixia.com/ma/getting-healthcare-486,Error
1060,https://www.halixia.com/ma/teeth-brushing-1060,Error
1149,https://www.halixia.com/ma/look-after-your-eyes-1149,Error
1151,https://www.halixia.com/ma/care-for-hearing-1151,Error
135,https://www.halixia.com/ma/mediterranean-diet-135,Error
137,https://www.halixia.com/ma/start-exercising-137,Error
139,https://www.halixia.com/ma/get-active-139,Error
141,https://www.halixia.com/ma/stay-active-141,Error
143,https://www.halixia.com/ma/get-into-yoga-143,Error
145,https://www.halixia.com/ma/get-into-yoga-145,Error
147,https://www.halixia.com/ma/chair-based-workout-147,Error
149,https://www.halixia.com/ma/get-into-running-149,Error
151,https://www.halixia.com/ma/dance-151,Error
153,https://www.halixia.com/ma/tracking-apps-153,Error
155,https://www.halixia.com/ma/workout-for-mobility-155,Error
157,https://www.halixia.com/ma/join-a-gym-157,Error
159,https://www.halixia.com/ma/benefits-of-zumba-159,Error
161,https://www.halixia.com/ma/find-a-new-activity-161,Error
163,https://www.halixia.com/ma/football-for-fitness-163,Error
165,https://www.halixia.com/ma/how-to-stay-active-165,Error
167,https://www.halixia.com/ma/get-active-167,Error
169,https://www.halixia.com/ma/sleep-better-169,Error
171,https://www.halixia.com/ma/how-to-eat-well-171,Error
173,https://www.halixia.com/ma/brain-training-173,Error
175,https://www.halixia.com/ma/impact-of-nutrition-175,Error
177,https://www.halixia.com/ma/impact-of-nutrition-177,Error
179,https://www.halixia.com/ma/impact-of-nutrition-179,Error
181,https://www.halixia.com/ma/how-to-eat-mindfully-181,Error
184,https://www.halixia.com/ma/virtual-yoga-studio-184,Error
186,https://www.halixia.com/ma/resistance-training-186,Error
188,https://www.halixia.com/ma/tailored-supplements-188,Error
190,https://www.halixia.com/ma/tailored-supplements-190,Error
192,https://www.halixia.com/ma/tailored-supplements-192,Error
194,https://www.halixia.com/ma/peak-brain-training-194,Error
196,https://www.halixia.com/ma/micronutrients-196,Error
198,https://www.halixia.com/ma/nutritional-therapy-198,Error
200,https://www.halixia.com/ma/bills-only-account-200,Error
202,https://www.halixia.com/ma/manage-money-202,Error
204,https://www.halixia.com/ma/income-boosters-204,Error
206,https://www.halixia.com/ma/spending-rules-206,Error
208,https://www.halixia.com/ma/how-to-pay-off-debt-208,Error
210,https://www.halixia.com/ma/maximise-savings-210,Error
212,https://www.halixia.com/ma/pay-yourself-first-212,Error
214,https://www.halixia.com/ma/manage-your-savings-214,Error
216,https://www.halixia.com/ma/boost-tax-efficiency-216,Error
217,https://www.halixia.com/ma/optimise-pensions-217,Error
219,https://www.halixia.com/ma/care-costs-219,Error
221,https://www.halixia.com/ma/need-a-money-plan-221,Error
223,https://www.halixia.com/ma/money-makeover-223,Error
225,https://www.halixia.com/ma/pensions-basics-225,Error
227,https://www.halixia.com/ma/boost-your-pension-227,Error
228,https://www.halixia.com/ma/consider-investing-228,Error
230,https://www.halixia.com/ma/cashflow-planning-230,Error
232,https://www.halixia.com/ma/portfolio-tracking-232,Error
234,https://www.halixia.com/ma/need-an-advisor-234,Error
236,https://www.halixia.com/ma/change-in-income-236,Error
238,https://www.halixia.com/ma/life-insurance-238,Error
240,https://www.halixia.com/ma/how-to-start-saving-240,Error
242,https://www.halixia.com/ma/rainy-day-savings-242,Error
244,https://www.halixia.com/ma/how-to-manage-bills-244,Error
246,https://www.halixia.com/ma/emergency-fund-246,Error
248,https://www.halixia.com/ma/money-and-ill-health-248,Error
250,https://www.halixia.com/ma/pay-for-healthcare-250,Error
252,https://www.halixia.com/ma/make-a-will-252,Error
253,https://www.halixia.com/ma/why-use-trusts-253,Error
254,https://www.halixia.com/ma/professional-wills-254,Error
255,https://www.halixia.com/ma/plan-your-legacy-255,Error
256,https://www.halixia.com/ma/learn-how-to-sculpt-256,Error
258,https://www.halixia.com/ma/new-creative-skills-258,Error
260,https://www.halixia.com/ma/art-of-calligraphy-260,Error
262,https://www.halixia.com/ma/take-up-chess-262,Error
264,https://www.halixia.com/ma/baking-bread-264,Error
266,https://www.halixia.com/ma/take-a-writing-class-266,Error
268,https://www.halixia.com/ma/online-security-268,Error
270,https://www.halixia.com/ma/family-online-safety-270,Error
272,https://www.halixia.com/ma/get-digital-skills-272,Error
274,https://www.halixia.com/ma/new-job-skills-274,Error
276,https://www.halixia.com/ma/access-job-skills-276,Error
278,https://www.halixia.com/ma/get-new-skills-278,Error
280,https://www.halixia.com/ma/learning-platforms-280,Error
282,https://www.halixia.com/ma/try-learning-282,Error
284,https://www.halixia.com/ma/workplace-training-284,Error
286,https://www.halixia.com/ma/lifelong-learning-286,Error
288,https://www.halixia.com/ma/discover-museums-288,Error
290,https://www.halixia.com/ma/ageing-issues-290,Error
292,https://www.halixia.com/ma/become-multilingual-292,Error
294,https://www.halixia.com/ma/which-language-app-294,Error
296,https://www.halixia.com/ma/live-class-languages-296,Error
298,https://www.halixia.com/ma/learn-a-language-298,Error
300,https://www.halixia.com/ma/read-to-learn-300,Error
302,https://www.halixia.com/ma/free-language-course-302,Error
304,https://www.halixia.com/ma/next-level-languages-304,Error
306,https://www.halixia.com/ma/immersive-language-306,Error
308,https://www.halixia.com/ma/change-career-308,Error
310,https://www.halixia.com/ma/learn-with-the-best-310,Error
312,https://www.halixia.com/ma/new-skills-for-life-312,Error
314,https://www.halixia.com/ma/try-a-podcast-314,Error
316,https://www.halixia.com/ma/learn-something-new-316,Error
318,https://www.halixia.com/ma/join-a-library-318,Error
320,https://www.halixia.com/ma/workplace-support-320,Error
322,https://www.halixia.com/ma/transferable-skills-322,Error
324,https://www.halixia.com/ma/digital-buddy-324,Error
326,https://www.halixia.com/ma/get-into-ted-talks-326,Error
328,https://www.halixia.com/ma/be-your-own-boss-328,Error
330,https://www.halixia.com/ma/new-business-ideas-330,Error
332,https://www.halixia.com/ma/considering-a-degree-332,Error
334,https://www.halixia.com/ma/teach-creative-arts-334,Error
336,https://www.halixia.com/ma/teach-with-udemy-336,Error
338,https://www.halixia.com/ma/try-teaching-338,Error
340,https://www.halixia.com/ma/benefits-of-reading-340,Error
342,https://www.halixia.com/ma/online-games-342,Error
344,https://www.halixia.com/ma/eating-together-344,Error
346,https://www.halixia.com/ma/find-old-friends-346,Error
348,https://www.halixia.com/ma/murder-mystery-night-348,Error
350,https://www.halixia.com/ma/meals-together-350,Error
352,https://www.halixia.com/ma/support-the-arts-352,Error
354,https://www.halixia.com/ma/neighbourly-chat-354,Error
356,https://www.halixia.com/ma/neighbourly-chat-356,Error
358,https://www.halixia.com/ma/join-social-media-358,Error
360,https://www.halixia.com/ma/family-history-360,Error
362,https://www.halixia.com/ma/plan-a-garden-362,Error
364,https://www.halixia.com/ma/staying-in-ideas-364,Error
366,https://www.halixia.com/ma/cook-for-the-family-366,Error
368,https://www.halixia.com/ma/eating-together-368,Error
370,https://www.halixia.com/ma/carer-wellbeing-370,Error
372,https://www.halixia.com/ma/peer-support-372,Error
374,https://www.halixia.com/ma/join-a-shed-374,Error
376,https://www.halixia.com/ma/find-peer-support-376,Error
378,https://www.halixia.com/ma/borrow-a-doggy-378,Error
380,https://www.halixia.com/ma/tread-the-boards-380,Error
382,https://www.halixia.com/ma/give-blood-382,Error
384,https://www.halixia.com/ma/find-a-new-activity-384,Error
386,https://www.halixia.com/ma/join-a-social-group-386,Error
388,https://www.halixia.com/ma/join-the-wi-388,Error
390,https://www.halixia.com/ma/share-an-interest-390,Error
392,https://www.halixia.com/ma/join-nextdoor-392,Error
394,https://www.halixia.com/ma/help-local-wildlife-394,Error
396,https://www.halixia.com/ma/workplace-support-396,Error
398,https://www.halixia.com/ma/start-a-shed-398,Error
400,https://www.halixia.com/ma/combat-loneliness-400,Error
402,https://www.halixia.com/ma/learn-about-u3a-402,Error
1153,https://www.halixia.com/ma/hearing-protection-1153,Error
3008,https://www.halixia.com/ma/pharmacy-delivery-3008,Error
131,https://www.halixia.com/ma/regular-health-check-131,Error
469,https://www.halixia.com/ma/why-get-your-5-a-day-469,Error
471,https://www.halixia.com/ma/benefits-of-vitamin-d-471,Error
473,https://www.halixia.com/ma/benefits-of-vitamin-d-473,Error
475,https://www.halixia.com/ma/why-eat-wholegrains-475,Error
477,https://www.halixia.com/ma/share-your-talents-477,Error
478,https://www.halixia.com/ma/become-a-health-coach-478,Error
479,https://www.halixia.com/ma/communication-tips-479,Error
481,https://www.halixia.com/ma/relationship-help-481,Error
483,https://www.halixia.com/ma/iht-mitigation-483,Error
484,https://www.halixia.com/ma/tax-efficient-assets-484,Error
485,https://www.halixia.com/ma/find-a-tax-advisor-485,Error
1054,https://www.halixia.com/ma/flossing-1054,Error
489,https://www.halixia.com/ma/do-an-ironman-489,Error
491,https://www.halixia.com/ma/better-teaching-491,Error
492,https://www.halixia.com/ma/helping-co-workers-492,Error
493,https://www.halixia.com/ma/be-a-better-coach-493,Error
495,https://www.halixia.com/ma/digital-buddy-495,Error
497,https://www.halixia.com/ma/find-a-faith-497,Error
499,https://www.halixia.com/ma/make-new-friends-499,Error
501,https://www.halixia.com/ma/community-events-501,Error
503,https://www.halixia.com/ma/universal-credit-tips-503,Error
505,https://www.halixia.com/ma/inheritance-tax-505,Error
506,https://www.halixia.com/ma/basics-of-insurance-506,Error
508,https://www.halixia.com/ma/protecting-income-508,Error
510,https://www.halixia.com/ma/protecting-income-510,Error
511,https://www.halixia.com/ma/tax-basics-511,Error
512,https://www.halixia.com/ma/tax-in-retirement-512,Error
513,https://www.halixia.com/ma/tax-on-savings-513,Error
514,https://www.halixia.com/ma/equity-release-514,Error
515,https://www.halixia.com/ma/public-speaking-515,Error
517,https://www.halixia.com/ma/volunteer-your-skills-517,Error
519,https://www.halixia.com/ma/crisis-volunteer-519,Error
521,https://www.halixia.com/ma/train-the-trainer-521,Error
523,https://www.halixia.com/ma/foodbank-volunteer-523,Error
525,https://www.halixia.com/ma/animal-shelter-525,Error
1056,https://www.halixia.com/ma/see-your-dentist-1056,Error
1058,https://www.halixia.com/ma/dental-cleaning-1058,Error
1131,https://www.halixia.com/ma/good-skincare-1131,Error
535,https://www.halixia.com/ma/pensions-and-benefits-535,Error
1000,https://www.halixia.com/ma/religious-services-1000,Error
1002,https://www.halixia.com/ma/volunteer-projects-1002,Error
1004,https://www.halixia.com/ma/volunteer-for-scouts-1004,Error
1006,https://www.halixia.com/ma/teach-your-craft-1006,Error
1008,https://www.halixia.com/ma/guide-dog-raising-1008,Error
1010,https://www.halixia.com/ma/device-accessibility-1010,Error
1012,https://www.halixia.com/ma/create-a-course-1012,Error
1014,https://www.halixia.com/ma/it-training-courses-1014,Error
1016,https://www.halixia.com/ma/it-training-courses-1016,Error
1018,https://www.halixia.com/ma/share-what-you-know-1018,Error
1020,https://www.halixia.com/ma/help-support-others-1020,Error
1022,https://www.halixia.com/ma/using-the-internet-1022,Error
1024,https://www.halixia.com/ma/internet-security-1024,Error
1026,https://www.halixia.com/ma/watch-video-lectures-1026,Error
1028,https://www.halixia.com/ma/mystery-shopping-1028,Error
1030,https://www.halixia.com/ma/friends-for-rent-1030,Error
1032,https://www.halixia.com/ma/is-your-home-a-star-1032,Error
1034,https://www.halixia.com/ma/renting-your-drive-1034,Error
1036,https://www.halixia.com/ma/reviewing-products-1036,Error
1038,https://www.halixia.com/ma/monetise-your-skills-1038,Error
1040,https://www.halixia.com/ma/how-to-sell-your-stuff-1040,Error
1042,https://www.halixia.com/ma/car-boot-sales-1042,Error
1044,https://www.halixia.com/ma/selling-your-photos-1044,Error
1046,https://www.halixia.com/ma/want-to-be-an-extra-1046,Error
1048,https://www.halixia.com/ma/selling-your-crafts-1048,Error
1050,https://www.halixia.com/ma/allotment-surplus-1050,Error
1052,https://www.halixia.com/ma/trace-lost-money-1052,Error
1053,https://www.halixia.com/ma/trace-old-pensions-1053,Error
1133,https://www.halixia.com/ma/good-skincare-1133,Error
1147,https://www.halixia.com/ma/look-after-your-eyes-1147,Error
1155,https://www.halixia.com/ma/improve-your-hearing-1155,Error
2014,https://www.halixia.com/ma/cervical-cancer-2014,Error
1062,https://www.halixia.com/ma/sex-for-health-1062,Error
1064,https://www.halixia.com/ma/sex-for-health-1064,Error
1066,https://www.halixia.com/ma/get-some-sleep-1066,Error
1068,https://www.halixia.com/ma/calm-sleep-music-1068,Error
1070,https://www.halixia.com/ma/quality-sleep-1070,Error
1072,https://www.halixia.com/ma/fundraising-1072,Error
1074,https://www.halixia.com/ma/relationship-tips-1074,Error
1076,https://www.halixia.com/ma/marriage-guidance-1076,Error
2016,https://www.halixia.com/ma/lung-care-tips-2016,Error
1080,https://www.halixia.com/ma/drinking-water-1080,Error
1082,https://www.halixia.com/ma/breathing-exercises-1082,Error
1084,https://www.halixia.com/ma/breathing-exercises-1084,Error
1086,https://www.halixia.com/ma/gas-safety-check-1086,Error
1087,https://www.halixia.com/ma/eating-nuts-1087,Error
1089,https://www.halixia.com/ma/try-hypnotherapy-1089,Error
1091,https://www.halixia.com/ma/mental-health-issues-1091,Error
1093,https://www.halixia.com/ma/trace-lost-money-1093,Error
1094,https://www.halixia.com/ma/trace-old-pensions-1094,Error
1095,https://www.halixia.com/ma/run-a-marathon-1095,Error
2056,https://www.halixia.com/ma/get-menopause-aware-2056,Error
1099,https://www.halixia.com/ma/need-extra-support-1099,Error
1101,https://www.halixia.com/ma/need-an-advisor-1101,Error
1107,https://www.halixia.com/ma/get-into-politics-1107,Error
1109,https://www.halixia.com/ma/communicate-better-1109,Error
1111,https://www.halixia.com/ma/cook-for-others-1111,Error
1113,https://www.halixia.com/ma/is-fostering-for-you-1113,Error
1115,https://www.halixia.com/ma/build-intimacy-1115,Error
1117,https://www.halixia.com/ma/hosting-a-family-bbq-1117,Error
1119,https://www.halixia.com/ma/helping-hedgehogs-1119,Error
1121,https://www.halixia.com/ma/skills-in-demand-1121,Error
1123,https://www.halixia.com/ma/is-coding-for-you-1123,Error
1125,https://www.halixia.com/ma/life-coaching-1125,Error
1127,https://www.halixia.com/ma/learn-to-explain-1127,Error
1129,https://www.halixia.com/ma/purpose-led-career-1129,Error
2143,https://www.halixia.com/ma/risk-of-disease-2143,Error
4066,https://www.halixia.com/ma/vaccinations-4066,Error
128,https://www.halixia.com/ma/diabetes-awareness-128,Error
1135,https://www.halixia.com/ma/tailored-vitamins-1135,Error
1137,https://www.halixia.com/ma/get-a-good-breakfast-1137,Error
1139,https://www.halixia.com/ma/get-a-good-breakfast-1139,Error
1141,https://www.halixia.com/ma/fermented-foods-1141,Error
1143,https://www.halixia.com/ma/weight-loss-challenge-1143,Error
1145,https://www.halixia.com/ma/lifelong-learning-1145,Error
130,https://www.halixia.com/ma/the-nhs-healthcheck-130,Error
527,https://www.halixia.com/ma/chiropractic-care-527,Error
529,https://www.halixia.com/ma/slowing-bone-loss-529,Error
531,https://www.halixia.com/ma/skin-care-importance-531,Error
1078,https://www.halixia.com/ma/be-body-aware-1078,Error
1157,https://www.halixia.com/ma/become-a-magistrate-1157,Error
1159,https://www.halixia.com/ma/tourettes-awareness-1159,Error
1161,https://www.halixia.com/ma/learn-about-tourettes-1161,Error
1163,https://www.halixia.com/ma/kids-and-gardening-1163,Error
1165,https://www.halixia.com/ma/why-drink-milk-1165,Error
1167,https://www.halixia.com/ma/why-drink-milk-1167,Error
1169,https://www.halixia.com/ma/quality-time-counts-1169,Error
1171,https://www.halixia.com/ma/sweet-tooth-1171,Error
1173,https://www.halixia.com/ma/why-eat-eggs-1173,Error
1175,https://www.halixia.com/ma/interested-in-nature-1175,Error
1177,https://www.halixia.com/ma/bring-wildlife-back-1177,Error
1179,https://www.halixia.com/ma/family-bike-ride-1179,Error
1181,https://www.halixia.com/ma/cycling-marathon-1181,Error
1183,https://www.halixia.com/ma/heart-health-1183,Error
1185,https://www.halixia.com/ma/the-value-of-friends-1185,Error
1187,https://www.halixia.com/ma/clothes-for-charity-1187,Error
1189,https://www.halixia.com/ma/feeling-lonely-1189,Error
1191,https://www.halixia.com/ma/learn-to-sew-1191,Error
1193,https://www.halixia.com/ma/mens-health-1193,Error
1195,https://www.halixia.com/ma/reduce-plastic-use-1195,Error
1197,https://www.halixia.com/ma/indoor-air-quality-1197,Error
1199,https://www.halixia.com/ma/picnic-with-family-1199,Error
2000,https://www.halixia.com/ma/blood-cancer-help-2000,Error
2001,https://www.halixia.com/ma/blood-cancer-help-2001,Error
2002,https://www.halixia.com/ma/blood-cancer-help-2002,Error
2004,https://www.halixia.com/ma/safeguarding-aware-2004,Error
2006,https://www.halixia.com/ma/beach-cleaning-2006,Error
2008,https://www.halixia.com/ma/credit-score-2008,Error
2010,https://www.halixia.com/ma/surfs-up-2010,Error
2012,https://www.halixia.com/ma/surfs-up-2012,Error
2020,https://www.halixia.com/ma/sti-testing-2020,Error
3026,https://www.halixia.com/ma/blood-circulation-3026,Error
133,https://www.halixia.com/ma/your-gut-microbiome-133,Error
2024,https://www.halixia.com/ma/importance-of-art-2024,Error
2026,https://www.halixia.com/ma/bee-awareness-2026,Error
2028,https://www.halixia.com/ma/honey-benefits-2028,Error
2030,https://www.halixia.com/ma/archaeology-fun-2030,Error
2032,https://www.halixia.com/ma/marine-life-matters-2032,Error
2034,https://www.halixia.com/ma/want-to-make-jam-2034,Error
2036,https://www.halixia.com/ma/nature-parks-2036,Error
2038,https://www.halixia.com/ma/healthy-eating-week-2038,Error
2040,https://www.halixia.com/ma/benefits-of-sushi-2040,Error
2042,https://www.halixia.com/ma/gratitude-2042,Error
2044,https://www.halixia.com/ma/benefits-of-cheese-2044,Error
2046,https://www.halixia.com/ma/spa-benefits-2046,Error
2048,https://www.halixia.com/ma/benefits-of-hummus-2048,Error
2050,https://www.halixia.com/ma/whats-wellbeing-2050,Error
2052,https://www.halixia.com/ma/ptsd-awareness-2052,Error
2054,https://www.halixia.com/ma/menopause-aware-2054,Error
2058,https://www.halixia.com/ma/keeping-bees-2058,Error
2060,https://www.halixia.com/ma/needs-over-wants-2060,Error
2062,https://www.halixia.com/ma/use-comparison-sites-2062,Error
2064,https://www.halixia.com/ma/review-subscriptions-2064,Error
2066,https://www.halixia.com/ma/product-research-2066,Error
2068,https://www.halixia.com/ma/identity-theft-2068,Error
2070,https://www.halixia.com/ma/impulse-buying-2070,Error
2072,https://www.halixia.com/ma/investment-portfolio-2072,Error
2076,https://www.halixia.com/ma/find-financial-news-2076,Error
2078,https://www.halixia.com/ma/pay-it-forward-2078,Error
2080,https://www.halixia.com/ma/be-more-kind-2080,Error
2018,https://www.halixia.com/ma/ice-bath-benefits-2018,Error
2084,https://www.halixia.com/ma/benefits-of-fasting-2084,Error
2086,https://www.halixia.com/ma/learn-about-hiit-2086,Error
2088,https://www.halixia.com/ma/functional-training-2088,Error
2090,https://www.halixia.com/ma/swimming-benefits-2090,Error
2092,https://www.halixia.com/ma/mediation-practice-2092,Error
2094,https://www.halixia.com/ma/networking-events-2094,Error
2096,https://www.halixia.com/ma/community-learning-2096,Error
2098,https://www.halixia.com/ma/teach-yoga-2098,Error
2100,https://www.halixia.com/ma/teach-pilates-2100,Error
2102,https://www.halixia.com/ma/swimming-coach-2102,Error
2104,https://www.halixia.com/ma/personal-trainer-2104,Error
2106,https://www.halixia.com/ma/guide-running-2106,Error
2108,https://www.halixia.com/ma/running-for-fun-2108,Error
2110,https://www.halixia.com/ma/half-marathon-2110,Error
2112,https://www.halixia.com/ma/parkrun-volunteer-2112,Error
2118,https://www.halixia.com/ma/charitable-trustee-2118,Error
2120,https://www.halixia.com/ma/create-a-sports-team-2120,Error
2122,https://www.halixia.com/ma/community-projects-2122,Error
2124,https://www.halixia.com/ma/help-reduce-stress-2124,Error
2126,https://www.halixia.com/ma/how-to-reduce-stress-2126,Error
2128,https://www.halixia.com/ma/educational-content-2128,Error
2130,https://www.halixia.com/ma/local-events-2130,Error
2132,https://www.halixia.com/ma/go-for-a-walk-2132,Error
2134,https://www.halixia.com/ma/ready-to-do-a-10k-2134,Error
2136,https://www.halixia.com/ma/can-you-run-10-miles-2136,Error
2138,https://www.halixia.com/ma/mental-resilience-2138,Error
2141,https://www.halixia.com/ma/social-connection-2141,Error
3012,https://www.halixia.com/ma/start-quitting-3012,Error
2145,https://www.halixia.com/ma/slimming-clubs-2145,Error
2147,https://www.halixia.com/ma/swim-a-mile-2147,Error
2149,https://www.halixia.com/ma/request-flexibility-2149,Error
2150,https://www.halixia.com/ma/minimum-wage-2150,Error
2151,https://www.halixia.com/ma/flexible-working-2151,Error
2152,https://www.halixia.com/ma/resigning-2152,Error
2153,https://www.halixia.com/ma/find-a-new-job-2153,Error
2154,https://www.halixia.com/ma/job-search-2154,Error
2157,https://www.halixia.com/ma/part-time-jobs-2157,Error
2158,https://www.halixia.com/ma/home-based-jobs-2158,Error
2159,https://www.halixia.com/ma/basic-workplace-skills-2159,Error
2160,https://www.halixia.com/ma/workplace-skills-2160,Error
2161,https://www.halixia.com/ma/retirement-rights-2161,Error
2164,https://www.halixia.com/ma/rethink-retirement-2164,Error
2165,https://www.halixia.com/ma/self-employment-skills-2165,Error
2166,https://www.halixia.com/ma/work-for-yourself-2166,Error
2167,https://www.halixia.com/ma/work-for-yourself-2167,Error
2168,https://www.halixia.com/ma/walk-with-family-2168,Error
2170,https://www.halixia.com/ma/go-on-a-nature-walk-2170,Error
2172,https://www.halixia.com/ma/find-a-new-hobby-2172,Error
2174,https://www.halixia.com/ma/get-crafty-2174,Error
2176,https://www.halixia.com/ma/visit-family-2176,Error
2178,https://www.halixia.com/ma/write-a-card-2178,Error
2180,https://www.halixia.com/ma/just-chill-2180,Error
2182,https://www.halixia.com/ma/run-a-bath-2182,Error
2183,https://www.halixia.com/ma/read-books-2183,Error
2185,https://www.halixia.com/ma/days-out-2185,Error
2188,https://www.halixia.com/ma/homebuyers-guide-2188,Error
2189,https://www.halixia.com/ma/homebuyers-help-2189,Error
2190,https://www.halixia.com/ma/get-ready-to-buy-2190,Error
2192,https://www.halixia.com/ma/5-mortgage-scheme-2192,Error
2194,https://www.halixia.com/ma/save-for-a-deposit-2194,Error
2197,https://www.halixia.com/ma/overpay-your-mortgage-2197,Error
2199,https://www.halixia.com/ma/offset-mortgage-2199,Error
2202,https://www.halixia.com/ma/remortgage-2202,Error
2205,https://www.halixia.com/ma/mortgage-arrears-2205,Error
2206,https://www.halixia.com/ma/credit-cards-2206,Error
2208,https://www.halixia.com/ma/state-pension-2208,Error
2209,https://www.halixia.com/ma/auto-enrolment-2209,Error
2210,https://www.halixia.com/ma/find-a-baking-group-2210,Error
2212,https://www.halixia.com/ma/find-a-hobby-group-2212,Error
2214,https://www.halixia.com/ma/find-a-craft-group-2214,Error
2216,https://www.halixia.com/ma/stress-reduction-2216,Error
2217,https://www.halixia.com/ma/time-to-meditate-2217,Error
2219,https://www.halixia.com/ma/share-the-love-2219,Error
2221,https://www.halixia.com/ma/travelling-2221,Error
2223,https://www.halixia.com/ma/explore-new-cultures-2223,Error
2224,https://www.halixia.com/ma/activity-holidays-2224,Error
2225,https://www.halixia.com/ma/volunteering-holiday-2225,Error
2226,https://www.halixia.com/ma/spa-benefits-2226,Error
2228,https://www.halixia.com/ma/running-for-fun-2228,Error
2230,https://www.halixia.com/ma/carers-allowance-2230,Error
2231,https://www.halixia.com/ma/carer-support-2231,Error
2232,https://www.halixia.com/ma/caring-and-work-2232,Error
2234,https://www.halixia.com/ma/lifetime-isa-2234,Error
2235,https://www.halixia.com/ma/bank-of-mum-and-dad-2235,Error
2236,https://www.halixia.com/ma/cost-of-university-2236,Error
2237,https://www.halixia.com/ma/planning-for-uni-2237,Error
2239,https://www.halixia.com/ma/bank-of-mum-and-dad-2239,Error
2241,https://www.halixia.com/ma/charitable-legacy-2241,Error
2242,https://www.halixia.com/ma/charitable-giving-2242,Error
2244,https://www.halixia.com/ma/philanthropy-2244,Error
2246,https://www.halixia.com/ma/gift-your-skills-2246,Error
2248,https://www.halixia.com/ma/tips-for-renters-2248,Error
2249,https://www.halixia.com/ma/track-your-money-2249,Error
3000,https://www.halixia.com/ma/sexual-communication-3000,Error
3002,https://www.halixia.com/ma/mindful-intimacy-3002,Error
3004,https://www.halixia.com/ma/self-love-importance-3004,Error
3006,https://www.halixia.com/ma/value-of-intimacy-3006,Error
4050,https://www.halixia.com/ma/air-pollution-4050,Error
3010,https://www.halixia.com/ma/gaming-community-3010,Error
183,https://www.halixia.com/ma/private-health-tests-183,Error
3014,https://www.halixia.com/ma/family-getaway-3014,Error
3015,https://www.halixia.com/ma/plan-an-adventure-3015,Error
3016,https://www.halixia.com/ma/heritage-trip-3016,Error
3017,https://www.halixia.com/ma/local-food-tour-3017,Error
3019,https://www.halixia.com/ma/cultural-exchange-3019,Error
3020,https://www.halixia.com/ma/travel-exchange-3020,Error
3022,https://www.halixia.com/ma/charity-challenge-3022,Error
3024,https://www.halixia.com/ma/joint-pain-activity-3024,Error
487,https://www.halixia.com/ma/your-optimal-self-487,Error
3028,https://www.halixia.com/ma/benefits-of-sex-3028,Error
3030,https://www.halixia.com/ma/book-clubs-3030,Error
3032,https://www.halixia.com/ma/global-petsitting-3032,Error
3034,https://www.halixia.com/ma/romantic-getaway-3034,Error
3036,https://www.halixia.com/ma/drink-more-coffee-3036,Error
3038,https://www.halixia.com/ma/love-chocolate-3038,Error
3040,https://www.halixia.com/ma/hot-chocolate-break-3040,Error
3042,https://www.halixia.com/ma/soft-skills-3042,Error
3044,https://www.halixia.com/ma/elevate-yourself-3044,Error
3046,https://www.halixia.com/ma/date-night-ideas-3046,Error
3048,https://www.halixia.com/ma/date-night-3048,Error
4000,https://www.halixia.com/ma/education-advocate-4000,Error
4001,https://www.halixia.com/ma/learn-with-family-4001,Error
4003,https://www.halixia.com/ma/cold-water-immersion-4003,Error
4005,https://www.halixia.com/ma/dive-into-nature-4005,Error
4007,https://www.halixia.com/ma/boosting-dopamine-4007,Error
4009,https://www.halixia.com/ma/boosting-serotonin-4009,Error
4011,https://www.halixia.com/ma/boosting-oxytocin-4011,Error
4013,https://www.halixia.com/ma/community-clean-up-4013,Error
4015,https://www.halixia.com/ma/garlic-wellness-4015,Error
4017,https://www.halixia.com/ma/crossfit-fitness-4017,Error
4019,https://www.halixia.com/ma/couples-retreat-4019,Error
4022,https://www.halixia.com/ma/low-carb-life-4022,Error
4024,https://www.halixia.com/ma/eat-whole-foods-4024,Error
4026,https://www.halixia.com/ma/bowling-for-fun-4026,Error
4028,https://www.halixia.com/ma/join-a-bowling-team-4028,Error
4030,https://www.halixia.com/ma/bonsai-serenity-4030,Error
4032,https://www.halixia.com/ma/learn-to-ski-4032,Error
4033,https://www.halixia.com/ma/skiing-for-health-4033,Error
4036,https://www.halixia.com/ma/try-ice-skating-4036,Error
4040,https://www.halixia.com/ma/take-up-golf-4040,Error
4042,https://www.halixia.com/ma/habit-stacking-4042,Error
4044,https://www.halixia.com/ma/coping-with-grief-4044,Error
4046,https://www.halixia.com/ma/struggling-to-cope-4046,Error
4048,https://www.halixia.com/ma/go-vegan-4048,Error
1097,https://www.halixia.com/ma/private-healthcare-1097,Error
4052,https://www.halixia.com/ma/try-pilates-4052,Error
4054,https://www.halixia.com/ma/financial-capability-4054,Error
4056,https://www.halixia.com/ma/financial-mastery-4056,Error
4058,https://www.halixia.com/ma/empty-nest-4058,Error
4060,https://www.halixia.com/ma/retire-with-purpose-4060,Error
4062,https://www.halixia.com/ma/retirement-community-4062,Error
4064,https://www.halixia.com/ma/cultivate-resilience-4064,Error
2082,https://www.halixia.com/ma/body-fat-monitoring-2082,Error
4068,https://www.halixia.com/ma/learn-an-instrument-4068,Error
4070,https://www.halixia.com/ma/join-a-dance-class-4070,Error
4072,https://www.halixia.com/ma/eat-sustainably-4072,Error
4074,https://www.halixia.com/ma/community-learning-4074,Error
4076,https://www.halixia.com/ma/take-up-bridge-4076,Error
4078,https://www.halixia.com/ma/take-up-chess-4078,Error
4080,https://www.halixia.com/ma/stay-safe-and-active-4080,Error
4082,https://www.halixia.com/ma/savings-round-up-4082,Error
4084,https://www.halixia.com/ma/lawn-bowling-4084,Error
4086,https://www.halixia.com/ma/classroom-helper-4086,Error
4088,https://www.halixia.com/ma/become-a-pta-member-4088,Error
4090,https://www.halixia.com/ma/school-governor-4090,Error
4092,https://www.halixia.com/ma/cheese-making-4092,Error
4094,https://www.halixia.com/ma/cycle-to-work-4094,Error
4099,https://www.halixia.com/ma/world-of-warcraft-4099,Error
4101,https://www.halixia.com/ma/wellness-challenge-4101,Error
4103,https://www.halixia.com/ma/go-vegetarian-4103,Error
4105,https://www.halixia.com/ma/pilates-for-health-4105,Error
4107,https://www.halixia.com/ma/yoga-for-health-4107,Error
4109,https://www.halixia.com/ma/your-pilates-studio-4109,Error
