https://www.thensf.org/10-sleep-tips-sleep-quality/,404
https://www.jet2holidays.com/,Error
https://www.awin1.com/cread.php?awinmid=6667&awinaffid=1198638&ued=https%3A%2F%2Fwww.prodirectsport.com%2Frunning%2F,403
https://yogainternational.com/article/view/starting-yoga-after-age-49,403
https://www.dancedirect.com/,403
https://www.totalfitness.co.uk/blog/inspiration/10-reasons-to-join-a-gym/,404
https://nutritionmealplans.com/,Error
https://www.gaiam.com/pages/yoga-studio-app,404
https://thehouseofyoga.co.uk/online-yoga-classes/,404
https://www.moneysavingexpert.com/banking/compare-best-bank-accounts/,403
https://www.moneysavingexpert.com/family/boost-your-income/,403
https://www.indeed.com/career-advice/career-development/budget-strategy,403
https://www.clearscore.com/,403
https://www.moneysavingexpert.com/savings/personal-savings-allowance/,403
https://www.moneysavingexpert.com/savings/best-regular-savings-accounts/,403
https://www.moneysavingexpert.com/banking/tax-rates/,403
https://www.moneysavingexpert.com/family/money-help/,403
https://www.moneysavingexpert.com/pensions/,403
https://yourmoney.lumio-app.com/best-uk-portfolio-trackers/,Error
https://www.moneysavingexpert.com/insurance/cheap-life-insurance/#basics,403
https://www.moneysavingexpert.com/savings/savings-accounts-best-interest/#easyaccess,403
https://www.moneysavingexpert.com/insurance/cheap-health-insurance/,403
https://www.moneysavingexpert.com/family/free-cheap-wills/,403
https://www.which.co.uk/money/insurance/life-insurance/how-to-write-life-insurance-in-trust-a1pdy5r28lwf,301
https://www.udemy.com/course/easily-learn-sculpture-and-modeling-in-clay/,403
https://www.skillshare.com/en/browse/sculpture,403
https://www.udemy.com/courses/lifestyle/arts-and-crafts/,403
https://www.goboomerang.com/blog/health-wellness/6-benefits-of-learning-calligraphy-and-handwriting/,Error
https://www.uopen.com/subscription-box/the-calligraphy-box,404
https://www.udemy.com/topic/chess/,403
https://www.udemy.com/topic/bread-baking/,403
https://www.indeed.com/career-advice/finding-a-job/how-to-become-creative-writer,403
https://www.actionfraud.police.uk/,403
https://www.masterclass.com/,403
https://uk.indeed.com/Language-Required-jobs?vjk=8d27a4bce63e8841,403
https://yourstory.com/mystory/10-benefits-of-joining-your-local-library?utm_pageloadtype=scroll,403
https://www.indeed.com/career-advice/resumes-cover-letters/transferable-skills,403
https://www.udemy.com/teaching/?ref=teach_footer,403
https://www.opentable.co.uk/about/?lang=en,Error
https://www.opentable.co.uk/,Error
https://everyminutemum.com/family-night-ideas/,Error
https://www.livingbetter50.com/easy-meals-grandkids-will-love/,Error
https://www.mind.org.uk/information-support/helping-someone-else/carers-friends-family-coping-support/am-i-a-carer/,403
https://www.mind.org.uk/information-support/drugs-and-treatments/peer-support/about-peer-support/,403
https://www.mind.org.uk/information-support/drugs-and-treatments/peer-support/finding-peer-support/,403
https://www.rover.com/uk/become-a-sitter/,403
https://about.nextdoor.com/,502
https://www.nextdoor.co.uk/,404
menssheds.org.uk,Error
https://www.comparethemarket.com/life-insurance/calculator/,403
https://uquiz.com/quiz/JMBd8Y/what-type-of-volunteer-are-you,403
https://www.hollandandbarrett.com/the-health-hub/vitamins-and-supplements/vitamins/vitamin-d/best-vitamin-d-supplements/,Error
https://www.indeed.com/career-advice/career-development/helping-and-supporting-others-at-work,403
https://uk.indeed.com/career-advice/career-development/supportive-colleagues,403
https://www.udemy.com/course/coaching-and-mentoring-techniques/?utm_source=bing&utm_medium=udemyads&utm_campaign=BG-DSA_Webindex_la.EN_cc.BE&utm_content=deal4584&utm_term=_._ag_1222657343651662_._ad__._kw_udemy_._de_c_._dm__._pl__._ti_dat-2328215871879260%3Aloc-188_._li_132721_._pd__._&matchtype=b&msclkid=fa44bee2db1b1d264427daf82ce85ac1,403
https://www.moneysavingexpert.com/savings/help-to-save/,403
https://www.moneysavingexpert.com/family/inheritance-tax-planning-iht/,403
https://www.moneysavingexpert.com/insurance/,403
https://www.moneysavingexpert.com/savings/discount-pensions/,403
https://www.udemy.com/course/an-accelerated-guide-to-adult-learning-for-trainers/?matchtype=e&msclkid=8e9dc4e92fb41b1e1568a0dce5993021&utm_campaign=BG-LongTail_la.EN_cc.BE&utm_content=deal4584&utm_medium=udemyads&utm_source=bing&utm_term=_._ag_1214960761603319_._ad__._kw_Train+the+Trainer+Training_._de_c_._dm__._pl__._ti_kwd-75935386650122%3Aloc-188_._li_132721_._pd__._,403
https://www.inc.com/kevin-daum/how-to-teach-anything-to-anyone.html,403
https://www.udemy.com/join/login-popup/?brand_id=1594187&locale_id=1&next=%2Fsupport&return_to=https%3A%2F%2Fbusiness-support.udemy.com%2Fhc%2Fen-us%2Fsections%2F115001564048-Creating-a-Custom-Course%3Fmatchtype%3Db%26msclkid%3D7b833a73588d1569f0645e5b24ff0462%26utm_campaign%3DBG-DSA_Webindex_la.EN_cc.BE%26utm_content%3Ddeal4584%26utm_medium%3Dudemyads%26utm_source%3Dbing%26utm_term%3D_._ag_1222657343651662_._ad__._kw_udemy_._de_c_._dm__._pl__._ti_dat-2328215871879260%253Aloc-188_._li_132721_._pd__._&timestamp=1680374922,403
https://www.mind.org.uk/get-involved/volunteering-and-participating/,403
https://rentafriend.com/beafriend/,503
https://www.moneysavingexpert.com/shopping/cheap-parking-rental/,403
https://www.moneysavingexpert.com/family/product-testing-sites/,403
https://www.fiverr.com/,403
https://www.backstage.com/magazine/article/make-living-extra-380/,403
https://help.etsy.com/hc/en-gb/articles/115015672808-How-to-Open-an-Etsy-Shop?segment=selling,403
https://www.moneysavingexpert.com/reclaim/reclaim-lost-assets-free/,403
https://www.thensf.org/10-sleep-tips-sleep-quality/,404
https://www.awin1.com/cread.php?awinmid=6667&awinaffid=1198638&ued=https%3A%2F%2Fwww.prodirectsport.com%2Frunning%2F,403
https://www.thefosteringnetwork.org.uk/advice-information/could-you-foster/frequently-asked-questions,Error
https://www.indeed.com/career-advice/career-development/learning-skills-online,403
https://www.totaljobs.com/advice/6-reasons-to-work-at-a-charity,Error
https://www.innerbeautychallenge.com/mens-skincare-why-is-it-important/,Error
https://www.maturetimes.co.uk/breakfast-important-older-people/,Error
https://www.specsavers.co.uk/hearing/hearing-protection,403
https://www.gardeningwithchildren.co.uk/family-zone/,Error
https://www.awin1.com/cread.php?awinmid=5686&awinaffid=1198638&ued=https%3A%2F%2Fwww.yougarden.com%2F%3Fsource%3DAFFWIN,403
https://www.planteriagroup.com/blog/celebrating-butterfly-awareness-day/,500
https://www.mind.org.uk/information-support/tips-for-everyday-living/loneliness/tips-to-manage-loneliness/,403
https://www.menshealthforum.org.uk/,Error
https://www.menshealthforum.org.uk/diy-man-mot,Error
https://www.mcsuk.org/what-you-can-do/join-a-beach-clean/great-british-beach-clean/what-is-the-great-british-beach-clean/,Error
https://www.moneysavingexpert.com/loans/credit-rating-credit-score/,403
https://www.balancebox.com,Error
https://www.opentable.co.uk/,Error
https://www.mind.org.uk/information-support/tips-for-everyday-living/relaxation/relaxation-tips/,403
https://www.mind.org.uk/information-support/types-of-mental-health-problems/post-traumatic-stress-disorder-ptsd-and-complex-ptsd/about-ptsd/,403
https://www.udemy.com/course/the-menopausefor-men/,403
https://www.bbka.org.uk/pages/shop/department/training-courses,Error
https://www.udemy.com/topic/Beekeeping/?matchtype=p&msclkid=f4f0961dddf815d07d7cf264d0c83a7f&utm_campaign=BG-Orig-LongTail_la.EN_cc.BE&utm_content=deal4584&utm_medium=udemyads&utm_source=bing&utm_term=_._ag_1209463102497090_._ad__._kw_%2BBeekeeping%20%2BTraining_._de_c_._dm__._pl__._ti_kwd-75591644842813:loc-4139_._li_69173_._pd__._,403
https://www.moneysavingexpert.com/shopping/money-mantras/,403
https://www.moneysupermarket.com,403
https://www.moneymanagement.org/blog/comparison-shopping,Error
https://smaket.org/blog/why-should-consumers-always-do-their-research-before-purchasing-a-product/,500
https://www.indeed.com/career-advice/career-development/planning-a-networking-event,403
https://www.gofameus.com/starting-your-own-sports-team/,Error
https://www.eventim.co.uk/,403
https://www.hollandandbarrett.com/the-health-hub/weight-management/fitness/exercise/your-recommended-daily-steps-by-age/,Error
https://www.awin1.com/cread.php?awinmid=5686&awinaffid=1198638&ued=https%3A%2F%2Fwww.yougarden.com,403
https://findarace.com/open-water-swimming,Error
https://uk.indeed.com/,403
https://www.indeed.com/career-advice/finding-a-job/finding-job-while-employed,403
https://uk.indeed.com/career-advice/finding-a-job/how-to-find-part-time-job,403
https://www.totaljobs.com/advice/going-part-time,Error
https://uk.indeed.com/career-advice/career-development/work-from-home-jobs-hiring-now,403
https://www.totaljobs.com/advice/how-to-set-up-a-home-office,Error
https://www.indeed.com/career-advice/resumes-cover-letters/most-important-life-skills,403
https://www.indeed.com/career-advice/career-development/skills-to-be-successful-in-the-workplace,403
https://www.moneysupermarket.com/savings/saving-for-retirement-guide/,403
https://uk.indeed.com/career-advice/cvs-cover-letters/self-employed-resume-skills,403
https://uk.indeed.com/career-advice/finding-a-job/self-employed-jobs,403
https://www.indeed.com/career-advice/finding-a-job/best-self-employed-jobs,403
https://www.apartmenttherapy.com/by-foot-bike-or-more-how-to-explore-your-neighborhood-203966,403
https://www.hollandandbarrett.com/the-health-hub/conditions/mental-health/stress/how-to-really-relax/,Error
https://www.moneysavingexpert.com/mortgages/how-much-mortgage-borrowing/,403
https://www.moneysavingexpert.com/mortgages/mortgage-guide/,403
https://www.moneysavingexpert.com/mortgages/boost-mortgage-chances/,403
https://www.moneysavingexpert.com/mortgages/new-mortgage-scheme-for-5-deposit/,403
https://www.zoopla.co.uk/discover/buying/the-95-mortgage-guarantee-scheme-your-key-questions-answered/,403
https://www.moneysavingexpert.com/mortgages/mortgage-deposit-calculator/,403
https://www.moneysavingexpert.com/mortgages/mortgage-overpayment-calculator/,403
https://www.moneysavingexpert.com/mortgages/mortgages-vs-savings/,403
https://www.comparethemarket.com/mortgages/content/overpaying-your-mortgage/,403
https://www.which.co.uk/money/mortgages-property/mortgages/types-of-mortgage/offset-mortgages-aiIjm1Y7NYlV,301
https://www.moneysavingexpert.com/mortgages/offset-mortgage-calculator/,403
https://www.comparethemarket.com/mortgages/content/offset-mortgages/,403
https://www.moneysavingexpert.com/mortgages/remortgage-guide/,403
https://www.comparethemarket.com/mortgages/remortgage/,403
https://www.moneysavingexpert.com/mortgages/mortgage-arrears-help/,403
https://www.moneysupermarket.com/credit-cards/paying-off-credit-card-debt/,403
https://www.moneysavingexpert.com/savings/auto-enrolment/,403
https://www.jet2holidays.com/,Error
https://www.moneysavingexpert.com/students/university-living-costs-calculator/,403
https://www.moneysavingexpert.com/students/student-loans-england-plan-5/,403
https://www.moneysavingexpert.com/students/student-loan-parental-contribution-tool/,403
https://www.moneysavingexpert.com/mortgages/rent-a-property/,403
